ID,Label,Type
C6,C6,Customer
C7,C7,Customer
C8,C8,Customer
C10,C10,Customer
C25,C25,Customer
C33,C33,Customer
C42,C42,Customer
C59,C59,Customer
C79,C79,Customer
C83,C83,Customer
C87,C87,Customer
C94,C94,Customer
C97,C97,Customer
C116,C116,Customer
C126,C126,Customer
C130,C130,Customer
C131,C131,Customer
C133,C133,Customer
C134,C134,Customer
C142,C142,Customer
C149,C149,Customer
C158,C158,Customer
C164,C164,Customer
C168,C168,Customer
C169,C169,Customer
C177,C177,Customer
C178,C178,Customer
C183,C183,Customer
C188,C188,Customer
C189,C189,Customer
C192,C192,Customer
C195,C195,Customer
C199,C199,Customer
C201,C201,Customer
C215,C215,Customer
C231,C231,Customer
C242,C242,Customer
C247,C247,Customer
C248,C248,Customer
C250,C250,Customer
C261,C261,Customer
C265,C265,Customer
C266,C266,Customer
C267,C267,Customer
C268,C268,Customer
C283,C283,Customer
C291,C291,Customer
C296,C296,Customer
C298,C298,Customer
C299,C299,Customer
C301,C301,Customer
C302,C302,Customer
C304,C304,Customer
C305,C305,Customer
C307,C307,Customer
C308,C308,Customer
C310,C310,Customer
C312,C312,Customer
C314,C314,Customer
C330,C330,Customer
C331,C331,Customer
C333,C333,Customer
C352,C352,Customer
C358,C358,Customer
C363,C363,Customer
C368,C368,Customer
C369,C369,Customer
C379,C379,Customer
C383,C383,Customer
C384,C384,Customer
C385,C385,Customer
C392,C392,Customer
C413,C413,Customer
C416,C416,Customer
C424,C424,Customer
C437,C437,Customer
C439,C439,Customer
C440,C440,Customer
C442,C442,Customer
C453,C453,Customer
C462,C462,Customer
C466,C466,Customer
C470,C470,Customer
C471,C471,Customer
C477,C477,Customer
C478,C478,Customer
C479,C479,Customer
C481,C481,Customer
C485,C485,Customer
C490,C490,Customer
C491,C491,Customer
C492,C492,Customer
C495,C495,Customer
C508,C508,Customer
C515,C515,Customer
C517,C517,Customer
C527,C527,Customer
C529,C529,Customer
C536,C536,Customer
C544,C544,Customer
C546,C546,Customer
C547,C547,Customer
C550,C550,Customer
C561,C561,Customer
C576,C576,Customer
C578,C578,Customer
C585,C585,Customer
C592,C592,Customer
C596,C596,Customer
C602,C602,Customer
C609,C609,Customer
C614,C614,Customer
C616,C616,Customer
C623,C623,Customer
C624,C624,Customer
C633,C633,Customer
C657,C657,Customer
C660,C660,Customer
C663,C663,Customer
C664,C664,Customer
C665,C665,Customer
C682,C682,Customer
C684,C684,Customer
C685,C685,Customer
C688,C688,Customer
C692,C692,Customer
C695,C695,Customer
C711,C711,Customer
C719,C719,Customer
C734,C734,Customer
C735,C735,Customer
C739,C739,Customer
C742,C742,Customer
C744,C744,Customer
C748,C748,Customer
C750,C750,Customer
C756,C756,Customer
C766,C766,Customer
C767,C767,Customer
C769,C769,Customer
C781,C781,Customer
C784,C784,Customer
C785,C785,Customer
C787,C787,Customer
C788,C788,Customer
C793,C793,Customer
C798,C798,Customer
C815,C815,Customer
C825,C825,Customer
C828,C828,Customer
C829,C829,Customer
C834,C834,Customer
C840,C840,Customer
C844,C844,Customer
C857,C857,Customer
C870,C870,Customer
C873,C873,Customer
C877,C877,Customer
C906,C906,Customer
C909,C909,Customer
C911,C911,Customer
C915,C915,Customer
C920,C920,Customer
C930,C930,Customer
C933,C933,Customer
C939,C939,Customer
C944,C944,Customer
C952,C952,Customer
C955,C955,Customer
C962,C962,Customer
C967,C967,Customer
C968,C968,Customer
C979,C979,Customer
C981,C981,Customer
C989,C989,Customer
C997,C997,Customer
C998,C998,Customer
C1007,C1007,Customer
C1020,C1020,Customer
C1024,C1024,Customer
C1034,C1034,Customer
C1038,C1038,Customer
C1044,C1044,Customer
C1047,C1047,Customer
C1050,C1050,Customer
C1059,C1059,Customer
C1067,C1067,Customer
C1069,C1069,Customer
C1070,C1070,Customer
C1079,C1079,Customer
C1082,C1082,Customer
C1086,C1086,Customer
C1088,C1088,Customer
C1090,C1090,Customer
C1097,C1097,Customer
C1109,C1109,Customer
C1117,C1117,Customer
C1135,C1135,Customer
C1146,C1146,Customer
C1179,C1179,Customer
M30,M30,Movie
M157,M157,Movie
M173,M173,Movie
M175,M175,Movie
M191,M191,Movie
M197,M197,Movie
M241,M241,Movie
M295,M295,Movie
M299,M299,Movie
M329,M329,Movie
M361,M361,Movie
M445,M445,Movie
M457,M457,Movie
M468,M468,Movie
M494,M494,Movie
M501,M501,Movie
M528,M528,Movie
M564,M564,Movie
M580,M580,Movie
M658,M658,Movie
M705,M705,Movie
M706,M706,Movie
M723,M723,Movie
M788,M788,Movie
M825,M825,Movie
M872,M872,Movie
M886,M886,Movie
M985,M985,Movie
M1096,M1096,Movie
M1144,M1144,Movie
M1145,M1145,Movie
M1180,M1180,Movie
M1195,M1195,Movie
M1220,M1220,Movie
M1238,M1238,Movie
M1267,M1267,Movie
M1307,M1307,Movie
M1314,M1314,Movie
M1399,M1399,Movie
M1406,M1406,Movie
M1428,M1428,Movie
M1467,M1467,Movie
M1476,M1476,Movie
M1494,M1494,Movie
M1542,M1542,Movie
M1561,M1561,Movie
M1571,M1571,Movie
M1615,M1615,Movie
M1642,M1642,Movie
M1659,M1659,Movie
M1693,M1693,Movie
M1709,M1709,Movie
M1756,M1756,Movie
M1765,M1765,Movie
M1798,M1798,Movie
M1799,M1799,Movie
M1803,M1803,Movie
M1832,M1832,Movie
M1843,M1843,Movie
M1865,M1865,Movie
M1901,M1901,Movie
M1905,M1905,Movie
M1918,M1918,Movie
M1939,M1939,Movie
M1962,M1962,Movie
M1971,M1971,Movie
M2000,M2000,Movie
M2001,M2001,Movie
M2095,M2095,Movie
M2112,M2112,Movie
M2140,M2140,Movie
M2152,M2152,Movie
M2200,M2200,Movie
M2252,M2252,Movie
M2269,M2269,Movie
M2290,M2290,Movie
M2340,M2340,Movie
M2342,M2342,Movie
M2360,M2360,Movie
M2372,M2372,Movie
M2391,M2391,Movie
M2452,M2452,Movie
M2456,M2456,Movie
M2617,M2617,Movie
M2660,M2660,Movie
M2726,M2726,Movie
M2778,M2778,Movie
M2782,M2782,Movie
M2843,M2843,Movie
M2851,M2851,Movie
M2857,M2857,Movie
M2862,M2862,Movie
M2865,M2865,Movie
M2874,M2874,Movie
M2913,M2913,Movie
M2942,M2942,Movie
M2953,M2953,Movie
M2965,M2965,Movie
M2981,M2981,Movie
M3058,M3058,Movie
M3151,M3151,Movie
M3153,M3153,Movie
M3165,M3165,Movie
M3198,M3198,Movie
M3226,M3226,Movie
M3265,M3265,Movie
M3269,M3269,Movie
M3290,M3290,Movie
M3315,M3315,Movie
M3320,M3320,Movie
M3333,M3333,Movie
M3385,M3385,Movie
M3423,M3423,Movie
M3427,M3427,Movie
M3434,M3434,Movie
M3509,M3509,Movie
M3538,M3538,Movie
M3541,M3541,Movie
M3608,M3608,Movie
M3624,M3624,Movie
M3638,M3638,Movie
M3648,M3648,Movie
M3684,M3684,Movie
M3689,M3689,Movie
M3730,M3730,Movie
M3756,M3756,Movie
M3798,M3798,Movie
M3817,M3817,Movie
M3825,M3825,Movie
M3860,M3860,Movie
M3864,M3864,Movie
M3893,M3893,Movie
M3894,M3894,Movie
M3905,M3905,Movie
M3925,M3925,Movie
M3936,M3936,Movie
M3938,M3938,Movie
M3962,M3962,Movie
M3966,M3966,Movie
M4043,M4043,Movie
M4100,M4100,Movie
M4127,M4127,Movie
M4149,M4149,Movie
M4227,M4227,Movie
M4262,M4262,Movie
M4266,M4266,Movie
M4306,M4306,Movie
M4353,M4353,Movie
M4356,M4356,Movie
M4393,M4393,Movie
M4406,M4406,Movie
M4432,M4432,Movie
M4472,M4472,Movie
M8,M8,Movie
M28,M28,Movie
M83,M83,Movie
M185,M185,Movie
M257,M257,Movie
M273,M273,Movie
M283,M283,Movie
M285,M285,Movie
M313,M313,Movie
M348,M348,Movie
M357,M357,Movie
M458,M458,Movie
M535,M535,Movie
M550,M550,Movie
M563,M563,Movie
M571,M571,Movie
M607,M607,Movie
M636,M636,Movie
M689,M689,Movie
M708,M708,Movie
M758,M758,Movie
M798,M798,Movie
M896,M896,Movie
M937,M937,Movie
M940,M940,Movie
M963,M963,Movie
M989,M989,Movie
M1043,M1043,Movie
M1046,M1046,Movie
M1066,M1066,Movie
M1102,M1102,Movie
M1148,M1148,Movie
M1202,M1202,Movie
M1289,M1289,Movie
M1359,M1359,Movie
M1470,M1470,Movie
M1482,M1482,Movie
M1578,M1578,Movie
M1589,M1589,Movie
M1645,M1645,Movie
M1650,M1650,Movie
M1661,M1661,Movie
M1746,M1746,Movie
M1754,M1754,Movie
M1795,M1795,Movie
M1810,M1810,Movie
M1902,M1902,Movie
M1972,M1972,Movie
M2009,M2009,Movie
M2016,M2016,Movie
M2122,M2122,Movie
M2128,M2128,Movie
M2139,M2139,Movie
M2153,M2153,Movie
M2186,M2186,Movie
M2198,M2198,Movie
M2209,M2209,Movie
M2348,M2348,Movie
M2371,M2371,Movie
M2462,M2462,Movie
M2470,M2470,Movie
M2577,M2577,Movie
M2580,M2580,Movie
M2685,M2685,Movie
M2699,M2699,Movie
M2743,M2743,Movie
M2755,M2755,Movie
M2757,M2757,Movie
M2783,M2783,Movie
M2800,M2800,Movie
M2890,M2890,Movie
M3015,M3015,Movie
M3071,M3071,Movie
M3106,M3106,Movie
M3197,M3197,Movie
M3216,M3216,Movie
M3222,M3222,Movie
M3254,M3254,Movie
M3282,M3282,Movie
M3285,M3285,Movie
M3342,M3342,Movie
M3364,M3364,Movie
M3368,M3368,Movie
M3371,M3371,Movie
M3414,M3414,Movie
M3418,M3418,Movie
M3433,M3433,Movie
M3466,M3466,Movie
M3515,M3515,Movie
M3535,M3535,Movie
M3579,M3579,Movie
M3605,M3605,Movie
M3611,M3611,Movie
M3617,M3617,Movie
M3650,M3650,Movie
M3680,M3680,Movie
M3740,M3740,Movie
M3782,M3782,Movie
M3890,M3890,Movie
M3917,M3917,Movie
M3960,M3960,Movie
M3972,M3972,Movie
M4056,M4056,Movie
M4123,M4123,Movie
M4135,M4135,Movie
M4141,M4141,Movie
M4157,M4157,Movie
M4216,M4216,Movie
M4256,M4256,Movie
M4302,M4302,Movie
M4330,M4330,Movie
M4345,M4345,Movie
M4369,M4369,Movie
M4380,M4380,Movie
M4384,M4384,Movie
M4427,M4427,Movie
M4465,M4465,Movie
M4479,M4479,Movie
M1518,M1518,Movie
M1719,M1719,Movie
M3610,M3610,Movie
M473,M473,Movie
M483,M483,Movie
M900,M900,Movie
M1744,M1744,Movie
M1816,M1816,Movie
M1819,M1819,Movie
M1975,M1975,Movie
M2037,M2037,Movie
M2172,M2172,Movie
M2518,M2518,Movie
M2578,M2578,Movie
M2905,M2905,Movie
M2986,M2986,Movie
M2992,M2992,Movie
M3124,M3124,Movie
M3623,M3623,Movie
M3713,M3713,Movie
M3886,M3886,Movie
M3900,M3900,Movie
M178,M178,Movie
M761,M761,Movie
M615,M615,Movie
M680,M680,Movie
M2880,M2880,Movie
M954,M954,Movie
M1173,M1173,Movie
M1303,M1303,Movie
M1734,M1734,Movie
M2171,M2171,Movie
M2254,M2254,Movie
M2457,M2457,Movie
M2519,M2519,Movie
M2779,M2779,Movie
M2974,M2974,Movie
M3446,M3446,Movie
M4389,M4389,Movie
M4420,M4420,Movie
M180,M180,Movie
M331,M331,Movie
M720,M720,Movie
M832,M832,Movie
M1092,M1092,Movie
M1245,M1245,Movie
M1509,M1509,Movie
M1610,M1610,Movie
M2262,M2262,Movie
M2370,M2370,Movie
M2734,M2734,Movie
M3542,M3542,Movie
M3626,M3626,Movie
M3999,M3999,Movie
M4012,M4012,Movie
M84,M84,Movie
M148,M148,Movie
M225,M225,Movie
M262,M262,Movie
M312,M312,Movie
M334,M334,Movie
M406,M406,Movie
M426,M426,Movie
M429,M429,Movie
M475,M475,Movie
M645,M645,Movie
M692,M692,Movie
M746,M746,Movie
M851,M851,Movie
M962,M962,Movie
M1073,M1073,Movie
M1087,M1087,Movie
M1110,M1110,Movie
M1121,M1121,Movie
M1174,M1174,Movie
M1299,M1299,Movie
M1425,M1425,Movie
M1455,M1455,Movie
M1502,M1502,Movie
M1634,M1634,Movie
M1700,M1700,Movie
M1703,M1703,Movie
M1783,M1783,Movie
M1890,M1890,Movie
M1976,M1976,Movie
M2012,M2012,Movie
M2113,M2113,Movie
M2235,M2235,Movie
M2380,M2380,Movie
M2388,M2388,Movie
M2389,M2389,Movie
M2495,M2495,Movie
M2499,M2499,Movie
M2555,M2555,Movie
M2594,M2594,Movie
M2612,M2612,Movie
M2658,M2658,Movie
M2680,M2680,Movie
M2690,M2690,Movie
M2735,M2735,Movie
M2866,M2866,Movie
M2960,M2960,Movie
M3017,M3017,Movie
M3079,M3079,Movie
M3082,M3082,Movie
M3148,M3148,Movie
M3239,M3239,Movie
M3324,M3324,Movie
M3398,M3398,Movie
M3422,M3422,Movie
M3441,M3441,Movie
M3573,M3573,Movie
M3640,M3640,Movie
M3835,M3835,Movie
M3907,M3907,Movie
M3910,M3910,Movie
M3921,M3921,Movie
M4067,M4067,Movie
M4136,M4136,Movie
M4138,M4138,Movie
M4159,M4159,Movie
M4167,M4167,Movie
M4260,M4260,Movie
M4290,M4290,Movie
M4315,M4315,Movie
M4341,M4341,Movie
M4490,M4490,Movie
M443,M443,Movie
M1367,M1367,Movie
M1435,M1435,Movie
M1930,M1930,Movie
M2400,M2400,Movie
M95,M95,Movie
M111,M111,Movie
M167,M167,Movie
M248,M248,Movie
M290,M290,Movie
M375,M375,Movie
M416,M416,Movie
M482,M482,Movie
M717,M717,Movie
M986,M986,Movie
M1598,M1598,Movie
M1771,M1771,Movie
M2443,M2443,Movie
M2461,M2461,Movie
M2558,M2558,Movie
M2585,M2585,Movie
M2640,M2640,Movie
M3011,M3011,Movie
M3267,M3267,Movie
M3461,M3461,Movie
M4015,M4015,Movie
M4161,M4161,Movie
M4164,M4164,Movie
M4267,M4267,Movie
M4331,M4331,Movie
M4352,M4352,Movie
M4371,M4371,Movie
M4390,M4390,Movie
M52,M52,Movie
M1466,M1466,Movie
M3763,M3763,Movie
M4402,M4402,Movie
M270,M270,Movie
M275,M275,Movie
M353,M353,Movie
M413,M413,Movie
M739,M739,Movie
M862,M862,Movie
M942,M942,Movie
M1047,M1047,Movie
M1364,M1364,Movie
M1590,M1590,Movie
M1594,M1594,Movie
M1625,M1625,Movie
M1741,M1741,Movie
M1861,M1861,Movie
M1877,M1877,Movie
M1974,M1974,Movie
M2077,M2077,Movie
M2366,M2366,Movie
M2441,M2441,Movie
M2551,M2551,Movie
M2675,M2675,Movie
M2885,M2885,Movie
M3111,M3111,Movie
M3184,M3184,Movie
M3193,M3193,Movie
M3220,M3220,Movie
M3350,M3350,Movie
M3355,M3355,Movie
M3379,M3379,Movie
M3522,M3522,Movie
M3612,M3612,Movie
M3807,M3807,Movie
M3875,M3875,Movie
M3954,M3954,Movie
M4040,M4040,Movie
M4131,M4131,Movie
M4298,M4298,Movie
M436,M436,Movie
M1256,M1256,Movie
M1682,M1682,Movie
M2212,M2212,Movie
M2482,M2482,Movie
M3098,M3098,Movie
M3456,M3456,Movie
M3489,M3489,Movie
M733,M733,Movie
M1255,M1255,Movie
M2043,M2043,Movie
M2922,M2922,Movie
M2944,M2944,Movie
M4171,M4171,Movie
M897,M897,Movie
M55,M55,Movie
M58,M58,Movie
M77,M77,Movie
M118,M118,Movie
M143,M143,Movie
M289,M289,Movie
M330,M330,Movie
M381,M381,Movie
M393,M393,Movie
M631,M631,Movie
M808,M808,Movie
M819,M819,Movie
M1027,M1027,Movie
M1035,M1035,Movie
M1105,M1105,Movie
M1324,M1324,Movie
M1524,M1524,Movie
M1528,M1528,Movie
M1558,M1558,Movie
M1585,M1585,Movie
M1600,M1600,Movie
M1637,M1637,Movie
M1665,M1665,Movie
M1983,M1983,Movie
M2136,M2136,Movie
M2174,M2174,Movie
M2178,M2178,Movie
M2385,M2385,Movie
M2395,M2395,Movie
M2430,M2430,Movie
M2751,M2751,Movie
M2897,M2897,Movie
M3138,M3138,Movie
M3161,M3161,Movie
M3182,M3182,Movie
M3312,M3312,Movie
M3313,M3313,Movie
M3416,M3416,Movie
M3463,M3463,Movie
M3496,M3496,Movie
M3862,M3862,Movie
M3988,M3988,Movie
M4031,M4031,Movie
M4089,M4089,Movie
M4418,M4418,Movie
M1134,M1134,Movie
M1998,M1998,Movie
M2033,M2033,Movie
M2166,M2166,Movie
M2809,M2809,Movie
M2955,M2955,Movie
M2310,M2310,Movie
M169,M169,Movie
M634,M634,Movie
M709,M709,Movie
M1023,M1023,Movie
M1951,M1951,Movie
M2572,M2572,Movie
M2893,M2893,Movie
M3210,M3210,Movie
M288,M288,Movie
M789,M789,Movie
M2102,M2102,Movie
M3085,M3085,Movie
M4392,M4392,Movie
M1530,M1530,Movie
M442,M442,Movie
M2803,M2803,Movie
M670,M670,Movie
M682,M682,Movie
M1100,M1100,Movie
M1408,M1408,Movie
M2432,M2432,Movie
M108,M108,Movie
M189,M189,Movie
M199,M199,Movie
M833,M833,Movie
M1129,M1129,Movie
M1392,M1392,Movie
M2173,M2173,Movie
M2732,M2732,Movie
M3256,M3256,Movie
M3276,M3276,Movie
M3715,M3715,Movie
M3840,M3840,Movie
M4109,M4109,Movie
M4207,M4207,Movie
M4492,M4492,Movie
M213,M213,Movie
M280,M280,Movie
M918,M918,Movie
M1266,M1266,Movie
M1394,M1394,Movie
M1479,M1479,Movie
M1759,M1759,Movie
M1800,M1800,Movie
M2015,M2015,Movie
M2478,M2478,Movie
M3742,M3742,Movie
M3824,M3824,Movie
M3926,M3926,Movie
M3935,M3935,Movie
M4080,M4080,Movie
M4287,M4287,Movie
M734,M734,Movie
M2114,M2114,Movie
M2568,M2568,Movie
M3405,M3405,Movie
M367,M367,Movie
M759,M759,Movie
M829,M829,Movie
M1123,M1123,Movie
M1175,M1175,Movie
M1295,M1295,Movie
M1837,M1837,Movie
M2051,M2051,Movie
M2137,M2137,Movie
M2149,M2149,Movie
M2163,M2163,Movie
M2375,M2375,Movie
M2386,M2386,Movie
M2595,M2595,Movie
M2711,M2711,Movie
M2900,M2900,Movie
M3047,M3047,Movie
M3174,M3174,Movie
M3232,M3232,Movie
M3274,M3274,Movie
M3451,M3451,Movie
M3728,M3728,Movie
M3816,M3816,Movie
M3903,M3903,Movie
M4064,M4064,Movie
M78,M78,Movie
M252,M252,Movie
M385,M385,Movie
M533,M533,Movie
M809,M809,Movie
M843,M843,Movie
M908,M908,Movie
M1262,M1262,Movie
M2601,M2601,Movie
M2804,M2804,Movie
M2847,M2847,Movie
M2852,M2852,Movie
M2868,M2868,Movie
M2872,M2872,Movie
M3128,M3128,Movie
M3310,M3310,Movie
M254,M254,Movie
M4248,M4248,Movie
M1068,M1068,Movie
M1500,M1500,Movie
M1692,M1692,Movie
M227,M227,Movie
M1228,M1228,Movie
M2505,M2505,Movie
M2848,M2848,Movie
M2920,M2920,Movie
M3113,M3113,Movie
M3666,M3666,Movie
M2533,M2533,Movie
M269,M269,Movie
M363,M363,Movie
M599,M599,Movie
M629,M629,Movie
M672,M672,Movie
M711,M711,Movie
M1925,M1925,Movie
M2167,M2167,Movie
M2176,M2176,Movie
M2228,M2228,Movie
M2465,M2465,Movie
M2938,M2938,Movie
M3078,M3078,Movie
M3570,M3570,Movie
M3670,M3670,Movie
M3685,M3685,Movie
M3942,M3942,Movie
M4147,M4147,Movie
M4488,M4488,Movie
M2771,M2771,Movie
M3150,M3150,Movie
M551,M551,Movie
M44,M44,Movie
M509,M509,Movie
M1104,M1104,Movie
M1213,M1213,Movie
M1619,M1619,Movie
M1757,M1757,Movie
M2192,M2192,Movie
M2284,M2284,Movie
M2791,M2791,Movie
M3391,M3391,Movie
M3478,M3478,Movie
M3551,M3551,Movie
M414,M414,Movie
M919,M919,Movie
M1305,M1305,Movie
M1833,M1833,Movie
M1854,M1854,Movie
M1955,M1955,Movie
M2376,M2376,Movie
M3190,M3190,Movie
M3521,M3521,Movie
M3491,M3491,Movie
M1694,M1694,Movie
M1884,M1884,Movie
M1969,M1969,Movie
M2701,M2701,Movie
M3582,M3582,Movie
M311,M311,Movie
M378,M378,Movie
M477,M477,Movie
M513,M513,Movie
M1020,M1020,Movie
M1058,M1058,Movie
M1138,M1138,Movie
M1575,M1575,Movie
M1595,M1595,Movie
M2195,M2195,Movie
M2319,M2319,Movie
M2332,M2332,Movie
M2464,M2464,Movie
M2554,M2554,Movie
M3168,M3168,Movie
M3183,M3183,Movie
M3331,M3331,Movie
M3622,M3622,Movie
M3880,M3880,Movie
M4011,M4011,Movie
M4185,M4185,Movie
M4257,M4257,Movie
M4364,M4364,Movie
M4483,M4483,Movie
M588,M588,Movie
M1743,M1743,Movie
M2888,M2888,Movie
M4310,M4310,Movie
M1120,M1120,Movie
M1460,M1460,Movie
M2561,M2561,Movie
M3928,M3928,Movie
M2654,M2654,Movie
M187,M187,Movie
M431,M431,Movie
M953,M953,Movie
M1618,M1618,Movie
M1842,M1842,Movie
M2628,M2628,Movie
M2780,M2780,Movie
M3481,M3481,Movie
M3593,M3593,Movie
M3879,M3879,Movie
M45,M45,Movie
M677,M677,Movie
M721,M721,Movie
M774,M774,Movie
M801,M801,Movie
M1001,M1001,Movie
M1292,M1292,Movie
M2103,M2103,Movie
M2250,M2250,Movie
M2604,M2604,Movie
M2719,M2719,Movie
M2896,M2896,Movie
M3173,M3173,Movie
M3218,M3218,Movie
M3334,M3334,Movie
M3506,M3506,Movie
M3746,M3746,Movie
M3937,M3937,Movie
M4198,M4198,Movie
M4252,M4252,Movie
M4460,M4460,Movie
M409,M409,Movie
M2442,M2442,Movie
M2459,M2459,Movie
M2652,M2652,Movie
M3029,M3029,Movie
M171,M171,Movie
M4284,M4284,Movie
M79,M79,Movie
M405,M405,Movie
M1098,M1098,Movie
M1572,M1572,Movie
M2222,M2222,Movie
M2279,M2279,Movie
M2362,M2362,Movie
M2875,M2875,Movie
M3023,M3023,Movie
M3030,M3030,Movie
M3273,M3273,Movie
M3297,M3297,Movie
M3787,M3787,Movie
M4378,M4378,Movie
M4496,M4496,Movie
M3025,M3025,Movie
M722,M722,Movie
M1226,M1226,Movie
M1915,M1915,Movie
M3615,M3615,Movie
M3765,M3765,Movie
M3854,M3854,Movie
M4238,M4238,Movie
M1409,M1409,Movie
M4144,M4144,Movie
M3565,M3565,Movie
M223,M223,Movie
M531,M531,Movie
M668,M668,Movie
M1050,M1050,Movie
M1599,M1599,Movie
M1699,M1699,Movie
M2080,M2080,Movie
M2213,M2213,Movie
M2325,M2325,Movie
M2532,M2532,Movie
M2615,M2615,Movie
M2656,M2656,Movie
M3046,M3046,Movie
M3472,M3472,Movie
M4268,M4268,Movie
M152,M152,Movie
M1086,M1086,Movie
M4240,M4240,Movie
M1632,M1632,Movie
M2643,M2643,Movie
M18,M18,Movie
M110,M110,Movie
M505,M505,Movie
M760,M760,Movie
M1697,M1697,Movie
M2406,M2406,Movie
M2411,M2411,Movie
M3702,M3702,Movie
M3781,M3781,Movie
M4340,M4340,Movie
M575,M575,Movie
M657,M657,Movie
M811,M811,Movie
M1696,M1696,Movie
M3437,M3437,Movie
M3768,M3768,Movie
M1874,M1874,Movie
M2067,M2067,Movie
M2251,M2251,Movie
M2383,M2383,Movie
M3077,M3077,Movie
M3775,M3775,Movie
M2899,M2899,Movie
M138,M138,Movie
M155,M155,Movie
M345,M345,Movie
M425,M425,Movie
M988,M988,Movie
M1358,M1358,Movie
M1627,M1627,Movie
M2074,M2074,Movie
M2861,M2861,Movie
M3455,M3455,Movie
M4162,M4162,Movie
M728,M728,Movie
M4237,M4237,Movie
M17,M17,Movie
M158,M158,Movie
M1471,M1471,Movie
M2329,M2329,Movie
M2422,M2422,Movie
M3159,M3159,Movie
M3225,M3225,Movie
M3526,M3526,Movie
M3792,M3792,Movie
M2610,M2610,Movie
M2613,M2613,Movie
M1179,M1179,Movie
M2525,M2525,Movie
M281,M281,Movie
M922,M922,Movie
M996,M996,Movie
M1790,M1790,Movie
M2939,M2939,Movie
M2940,M2940,Movie
M3188,M3188,Movie
M3631,M3631,Movie
M3887,M3887,Movie
M3984,M3984,Movie
M4021,M4021,Movie
M71,M71,Movie
M516,M516,Movie
M1707,M1707,Movie
M2182,M2182,Movie
M2256,M2256,Movie
M3513,M3513,Movie
M3591,M3591,Movie
M4478,M4478,Movie
M994,M994,Movie
M430,M430,Movie
M452,M452,Movie
M643,M643,Movie
M660,M660,Movie
M686,M686,Movie
M831,M831,Movie
M1151,M1151,Movie
M1715,M1715,Movie
M1794,M1794,Movie
M2097,M2097,Movie
M2326,M2326,Movie
M2756,M2756,Movie
M3397,M3397,Movie
M3571,M3571,Movie
M3668,M3668,Movie
M3710,M3710,Movie
M3814,M3814,Movie
M3858,M3858,Movie
M3920,M3920,Movie
M4118,M4118,Movie
M4214,M4214,Movie
M4269,M4269,Movie
M3518,M3518,Movie
M2057,M2057,Movie
M2162,M2162,Movie
M428,M428,Movie
M1060,M1060,Movie
M2695,M2695,Movie
M561,M561,Movie
M807,M807,Movie
M895,M895,Movie
M1062,M1062,Movie
M1111,M1111,Movie
M1114,M1114,Movie
M1164,M1164,Movie
M1828,M1828,Movie
M2297,M2297,Movie
M2480,M2480,Movie
M3374,M3374,Movie
M4291,M4291,Movie
M325,M325,Movie
M424,M424,Movie
M780,M780,Movie
M889,M889,Movie
M1282,M1282,Movie
M1994,M1994,Movie
M2158,M2158,Movie
M2816,M2816,Movie
M3072,M3072,Movie
M3224,M3224,Movie
M3408,M3408,Movie
M1300,M1300,Movie
M97,M97,Movie
M156,M156,Movie
M362,M362,Movie
M368,M368,Movie
M846,M846,Movie
M964,M964,Movie
M1094,M1094,Movie
M2762,M2762,Movie
M2768,M2768,Movie
M3275,M3275,Movie
M3326,M3326,Movie
M4201,M4201,Movie
M4355,M4355,Movie
M751,M751,Movie
M1656,M1656,Movie
M2314,M2314,Movie
M3510,M3510,Movie
M3946,M3946,Movie
M2199,M2199,Movie
M2828,M2828,Movie
M36,M36,Movie
M548,M548,Movie
M662,M662,Movie
M693,M693,Movie
M818,M818,Movie
M1250,M1250,Movie
M1495,M1495,Movie
M1602,M1602,Movie
M3192,M3192,Movie
M3428,M3428,Movie
M3563,M3563,Movie
M3923,M3923,Movie
M4007,M4007,Movie
M1912,M1912,Movie
M2775,M2775,Movie
M3505,M3505,Movie
M3021,M3021,Movie
M302,M302,Movie
M970,M970,Movie
M1036,M1036,Movie
M1489,M1489,Movie
M2026,M2026,Movie
M2350,M2350,Movie
M2543,M2543,Movie
M2877,M2877,Movie
M3231,M3231,Movie
M3253,M3253,Movie
M3704,M3704,Movie
M4099,M4099,Movie
M4193,M4193,Movie
M408,M408,Movie
M674,M674,Movie
M752,M752,Movie
M822,M822,Movie
M859,M859,Movie
M1274,M1274,Movie
M1582,M1582,Movie
M1633,M1633,Movie
M1668,M1668,Movie
M2040,M2040,Movie
M2394,M2394,Movie
M2712,M2712,Movie
M2795,M2795,Movie
M3487,M3487,Movie
M3523,M3523,Movie
M4247,M4247,Movie
M1839,M1839,Movie
M3672,M3672,Movie
M4289,M4289,Movie
M76,M76,Movie
M215,M215,Movie
M305,M305,Movie
M2528,M2528,Movie
M2603,M2603,Movie
M2927,M2927,Movie
M3321,M3321,Movie
M3958,M3958,Movie
M4098,M4098,Movie
M4145,M4145,Movie
M4189,M4189,Movie
M4411,M4411,Movie
M209,M209,Movie
M1770,M1770,Movie
M268,M268,Movie
M1911,M1911,Movie
M3833,M3833,Movie
M4155,M4155,Movie
M96,M96,Movie
M222,M222,Movie
M256,M256,Movie
M360,M360,Movie
M749,M749,Movie
M1176,M1176,Movie
M1252,M1252,Movie
M1525,M1525,Movie
M1646,M1646,Movie
M1655,M1655,Movie
M1792,M1792,Movie
M2006,M2006,Movie
M2302,M2302,Movie
M2574,M2574,Movie
M3223,M3223,Movie
M3453,M3453,Movie
M3708,M3708,Movie
M4396,M4396,Movie
M5,M5,Movie
M577,M577,Movie
M2161,M2161,Movie
M696,M696,Movie
M2072,M2072,Movie
M104,M104,Movie
M707,M707,Movie
M881,M881,Movie
M2797,M2797,Movie
M2916,M2916,Movie
M3157,M3157,Movie
M1329,M1329,Movie
M1481,M1481,Movie
M1965,M1965,Movie
M652,M652,Movie
M2589,M2589,Movie
M3778,M3778,Movie
M623,M623,Movie
M2423,M2423,Movie
M1566,M1566,Movie
M1607,M1607,Movie
M2931,M2931,Movie
M3181,M3181,Movie
M3495,M3495,Movie
M4033,M4033,Movie
M294,M294,Movie
M358,M358,Movie
M504,M504,Movie
M566,M566,Movie
M1128,M1128,Movie
M1191,M1191,Movie
M1552,M1552,Movie
M1622,M1622,Movie
M2248,M2248,Movie
M2292,M2292,Movie
M2622,M2622,Movie
M3086,M3086,Movie
M3095,M3095,Movie
M3356,M3356,Movie
M3404,M3404,Movie
M3520,M3520,Movie
M3703,M3703,Movie
M4042,M4042,Movie
M4174,M4174,Movie
M2046,M2046,Movie
M2135,M2135,Movie
M2972,M2972,Movie
M3006,M3006,Movie
M3347,M3347,Movie
M3712,M3712,Movie
M1885,M1885,Movie
M2989,M2989,Movie
M3057,M3057,Movie
M126,M126,Movie
M253,M253,Movie
M321,M321,Movie
M322,M322,Movie
M398,M398,Movie
M471,M471,Movie
M524,M524,Movie
M586,M586,Movie
M695,M695,Movie
M763,M763,Movie
M786,M786,Movie
M907,M907,Movie
M978,M978,Movie
M1021,M1021,Movie
M1022,M1022,Movie
M1025,M1025,Movie
M1032,M1032,Movie
M1074,M1074,Movie
M1370,M1370,Movie
M1395,M1395,Movie
M1522,M1522,Movie
M1708,M1708,Movie
M1745,M1745,Movie
M1809,M1809,Movie
M1834,M1834,Movie
M1853,M1853,Movie
M1860,M1860,Movie
M1866,M1866,Movie
M1886,M1886,Movie
M1922,M1922,Movie
M1943,M1943,Movie
M2266,M2266,Movie
M2337,M2337,Movie
M2351,M2351,Movie
M2409,M2409,Movie
M2435,M2435,Movie
M2453,M2453,Movie
M2599,M2599,Movie
M2671,M2671,Movie
M2749,M2749,Movie
M2937,M2937,Movie
M3093,M3093,Movie
M3132,M3132,Movie
M3255,M3255,Movie
M3301,M3301,Movie
M3314,M3314,Movie
M3429,M3429,Movie
M3439,M3439,Movie
M3544,M3544,Movie
M3581,M3581,Movie
M3696,M3696,Movie
M3783,M3783,Movie
M3899,M3899,Movie
M3904,M3904,Movie
M4117,M4117,Movie
M4154,M4154,Movie
M4173,M4173,Movie
M4234,M4234,Movie
M4281,M4281,Movie
M4322,M4322,Movie
M4334,M4334,Movie
M4339,M4339,Movie
M4360,M4360,Movie
M4379,M4379,Movie
M4386,M4386,Movie
M4441,M4441,Movie
M4493,M4493,Movie
M4499,M4499,Movie
M1055,M1055,Movie
M1160,M1160,Movie
M1963,M1963,Movie
M2188,M2188,Movie
M2396,M2396,Movie
M3303,M3303,Movie
M3500,M3500,Movie
M3525,M3525,Movie
M4342,M4342,Movie
M297,M297,Movie
M569,M569,Movie
M1044,M1044,Movie
M1264,M1264,Movie
M1413,M1413,Movie
M2359,M2359,Movie
M2813,M2813,Movie
M3403,M3403,Movie
M1234,M1234,Movie
M861,M861,Movie
M891,M891,Movie
M1491,M1491,Movie
M474,M474,Movie
M499,M499,Movie
M640,M640,Movie
M984,M984,Movie
M1200,M1200,Movie
M1716,M1716,Movie
M2869,M2869,Movie
M3076,M3076,Movie
M3659,M3659,Movie
M3976,M3976,Movie
M730,M730,Movie
M783,M783,Movie
M1401,M1401,Movie
M1553,M1553,Movie
M2301,M2301,Movie
M2687,M2687,Movie
M210,M210,Movie
M517,M517,Movie
M1862,M1862,Movie
M1947,M1947,Movie
M2078,M2078,Movie
M2548,M2548,Movie
M1937,M1937,Movie
M4197,M4197,Movie
M201,M201,Movie
M327,M327,Movie
M797,M797,Movie
M1075,M1075,Movie
M1673,M1673,Movie
M1867,M1867,Movie
M2260,M2260,Movie
M2317,M2317,Movie
M2498,M2498,Movie
M2512,M2512,Movie
M3215,M3215,Movie
M3227,M3227,Movie
M3599,M3599,Movie
M3709,M3709,Movie
M3870,M3870,Movie
M3975,M3975,Movie
M4452,M4452,Movie
M4454,M4454,Movie
M4497,M4497,Movie
M56,M56,Movie
M2912,M2912,Movie
M1,M1,Movie
M694,M694,Movie
M3229,M3229,Movie
M4429,M4429,Movie
M1576,M1576,Movie
M33,M33,Movie
M1499,M1499,Movie
M3841,M3841,Movie
M255,M255,Movie
M1080,M1080,Movie
M1923,M1923,Movie
M3826,M3826,Movie
M4320,M4320,Movie
M4409,M4409,Movie
M181,M181,Movie
M4,M4,Movie
M271,M271,Movie
M1137,M1137,Movie
M2299,M2299,Movie
M410,M410,Movie
M2638,M2638,Movie
M2991,M2991,Movie
M3348,M3348,Movie
M3784,M3784,Movie
M4078,M4078,Movie
M642,M642,Movie
M1126,M1126,Movie
M1933,M1933,Movie
M2168,M2168,Movie
M2352,M2352,Movie
M3221,M3221,Movie
M4115,M4115,Movie
M1550,M1550,Movie
M990,M990,Movie
M3317,M3317,Movie
M1514,M1514,Movie
M2413,M2413,Movie
M1689,M1689,Movie
M211,M211,Movie
M570,M570,Movie
M646,M646,Movie
M998,M998,Movie
M2098,M2098,Movie
M2527,M2527,Movie
M4336,M4336,Movie
M610,M610,Movie
M2045,M2045,Movie
M3091,M3091,Movie
M748,M748,Movie
M1913,M1913,Movie
M1441,M1441,Movie
M1547,M1547,Movie
M2566,M2566,Movie
M85,M85,Movie
M88,M88,Movie
M263,M263,Movie
M316,M316,Movie
M451,M451,Movie
M520,M520,Movie
M724,M724,Movie
M814,M814,Movie
M1113,M1113,Movie
M1139,M1139,Movie
M1461,M1461,Movie
M1730,M1730,Movie
M2094,M2094,Movie
M2315,M2315,Movie
M2787,M2787,Movie
M3390,M3390,Movie
M3444,M3444,Movie
M3646,M3646,Movie
M3810,M3810,Movie
M4259,M4259,Movie
M4348,M4348,Movie
M4415,M4415,Movie
M1563,M1563,Movie
M2285,M2285,Movie
M2339,M2339,Movie
M1097,M1097,Movie
M2056,M2056,Movie
M2392,M2392,Movie
M2410,M2410,Movie
M3061,M3061,Movie
M3616,M3616,Movie
M4069,M4069,Movie
M4271,M4271,Movie
M4293,M4293,Movie
M422,M422,Movie
M2020,M2020,Movie
M1498,M1498,Movie
M3432,M3432,Movie
M1804,M1804,Movie
M3720,M3720,Movie
M885,M885,Movie
M1721,M1721,Movie
M1807,M1807,Movie
M1893,M1893,Movie
M4414,M4414,Movie
M3323,M3323,Movie
M3948,M3948,Movie
M2053,M2053,Movie
M2185,M2185,Movie
M2239,M2239,Movie
M2356,M2356,Movie
M3160,M3160,Movie
M3927,M3927,Movie
